<revhistory xmlns="http://docbook.org/ns/docbook" xmlns:xlink="http://www.w3.org/1999/xlink" xmlns:xi="http://www.w3.org/2001/XInclude" version="5.0" xml:lang="hu">
    <revision>
        <revnumber>0.0.1</revnumber>
        <date>2019-02-12</date>
        <authorinitials>nbatfai</authorinitials>
        <revremark>
            Az iniciális dokumentum szerkezetének kialakítása.
        </revremark>
    </revision>
    <revision>
        <revnumber>0.0.2</revnumber>
        <date>2019-02-14</date>
        <authorinitials>nbatfai</authorinitials>
        <revremark>
            Inciális feladatlisták összeállítása.
        </revremark>
    </revision>    
    <revision>
        <revnumber>0.0.3</revnumber>
        <date>2019-02-16</date>
        <authorinitials>nbatfai</authorinitials>
        <revremark>
            Feladatlisták folytatása.
            Feltöltés a BHAX csatorna 
            <link xlink:href="https://gitlab.com/nbatfai/bhax">https://gitlab.com/nbatfai/bhax</link>
            repójába.
        </revremark>
    </revision>
    <revision>
        <revnumber>0.0.4</revnumber>
        <date>2019-02-19</date>
        <authorinitials>nbatfai</authorinitials>
        <revremark>
            Aktualizálás, javítások.
        </revremark>
    </revision>
    <revision>
        <revnumber>0.0.5</revnumber>
        <date>2019-03-04</date>
        <authorinitials>Balázs</authorinitials>
        <revremark>
            Első fejezet kész.
        </revremark>
    </revision>
    <revision>
        <revnumber>0.0.6</revnumber>
        <date>2019-03-11</date>
        <authorinitials>Balázs</authorinitials>
        <revremark>
            Második fejezet kész.
        </revremark>
    </revision>
    <revision>
        <revnumber>0.0.7</revnumber>
        <date>2019-03-17</date>
        <authorinitials>Balázs</authorinitials>
        <revremark>
            Harmadik fejezet kész.
        </revremark>
    </revision>
    <revision>
        <revnumber>0.0.8</revnumber>
        <date>2019-03-28</date>
        <authorinitials>Balázs</authorinitials>
        <revremark>
            Negyedik fejezet kész.
        </revremark>
    </revision>
    <revision>
        <revnumber>0.0.9</revnumber>
        <date>2019-03-30</date>
        <authorinitials>Balázs</authorinitials>
        <revremark>
            Ötödik fejezet kész.
        </revremark>
    </revision>
    <revision>
        <revnumber>0.1.0</revnumber>
        <date>2019-04-07</date>
        <authorinitials>Balázs</authorinitials>
        <revremark>
            Hatodik fejezet kész.
        </revremark>
    </revision>
    <revision>
        <revnumber>0.1.1</revnumber>
        <date>2019-04-12</date>
        <authorinitials>Balázs</authorinitials>
        <revremark>
            Hetedik fejezet kész.
        </revremark>
    </revision>
    <revision>
        <revnumber>0.1.2</revnumber>
        <date>2019-04-19</date>
        <authorinitials>Balázs</authorinitials>
        <revremark>
            Nyolcadik fejezet kész.
        </revremark>
    </revision>
    <revision>
        <revnumber>0.1.3</revnumber>
        <date>2019-04-25</date>
        <authorinitials>Balázs</authorinitials>
        <revremark>
            Kilencedik fejezet kész.
        </revremark>
    </revision>
    <revision>
        <revnumber>1.0.0</revnumber>
        <date>2019-05-08</date>
        <authorinitials>Balázs</authorinitials>
        <revremark>
            Első teljes kiadás.
        </revremark>
    </revision>
</revhistory>
