<authorgroup xmlns="http://docbook.org/ns/docbook" xmlns:xlink="http://www.w3.org/1999/xlink" xmlns:xi="http://www.w3.org/2001/XInclude" version="5.0" xml:lang="hu">
    <author>
        <personname>
            <surname>Ladányi</surname>
            <firstname>Balázs</firstname>        
        </personname>    
        <affiliation>
            <jobtitle>Egyetemi hallgató</jobtitle>
            <orgname>Debreceni Egyetem</orgname>
            <orgdiv>Információtechnológiai Tanszék</orgdiv>
            <address>
                <email>ladanyi-@hotmail.com</email>
	    </address>
	</affiliation>
    </author>    
</authorgroup>
